------------------------------------------------------------
-- 1. PESSOAS (80 Jogadores + 8 Técnicos + 5 Juízes)
------------------------------------------------------------
INSERT INTO Pessoa (cpf, nome, nacionalidade, data_nascimento) VALUES
-- Jogadores 1–10 (Sport)
('91000000001','Jogador 1','Brasil','1998-01-05'),
('91000000002','Jogador 2','Brasil','1997-02-10'),
('91000000003','Jogador 3','Brasil','1996-03-15'),
('91000000004','Jogador 4','Brasil','1999-04-20'),
('91000000005','Jogador 5','Brasil','1998-05-25'),
('91000000006','Jogador 6','Brasil','1997-06-12'),
('91000000007','Jogador 7','Brasil','1996-07-22'),
('91000000008','Jogador 8','Brasil','1995-08-04'),
('91000000009','Jogador 9','Brasil','1998-09-18'),
('91000000010','Jogador 10','Brasil','1997-10-03'),
('91000000090','Jogador 90','Brasil','1997-10-03'),




-- Jogadores 11–20 (Náutico)
('91000000011','Jogador 11','Brasil','1998-01-05'),
('91000000012','Jogador 12','Brasil','1997-02-10'),
('91000000013','Jogador 13','Brasil','1996-03-15'),
('91000000014','Jogador 14','Brasil','1999-04-20'),
('91000000015','Jogador 15','Brasil','1998-05-25'),
('91000000016','Jogador 16','Brasil','1997-06-12'),
('91000000017','Jogador 17','Brasil','1996-07-22'),
('91000000018','Jogador 18','Brasil','1995-08-04'),
('91000000019','Jogador 19','Brasil','1998-09-18'),
('91000000020','Jogador 20','Brasil','1997-10-03'),
('91000000091','Jogador 91','Brasil','1997-10-03'),




-- Jogadores 21–30 (Santa Cruz)
('91000000021','Jogador 21','Brasil','1998-01-05'),
('91000000022','Jogador 22','Brasil','1997-02-10'),
('91000000023','Jogador 23','Brasil','1996-03-15'),
('91000000024','Jogador 24','Brasil','1999-04-20'),
('91000000025','Jogador 25','Brasil','1998-05-25'),
('91000000026','Jogador 26','Brasil','1997-06-12'),
('91000000027','Jogador 27','Brasil','1996-07-22'),
('91000000028','Jogador 28','Brasil','1995-08-04'),
('91000000029','Jogador 29','Brasil','1998-09-18'),
('91000000030','Jogador 30','Brasil','1997-10-03'),




-- Jogadores 31–40 (Retrô)
('91000000031','Jogador 31','Brasil','1998-01-05'),
('91000000032','Jogador 32','Brasil','1997-02-10'),
('91000000033','Jogador 33','Brasil','1996-03-15'),
('91000000034','Jogador 34','Brasil','1999-04-20'),
('91000000035','Jogador 35','Brasil','1998-05-25'),
('91000000036','Jogador 36','Brasil','1997-06-12'),
('91000000037','Jogador 37','Brasil','1996-07-22'),
('91000000038','Jogador 38','Brasil','1995-08-04'),
('91000000039','Jogador 39','Brasil','1998-09-18'),
('91000000040','Jogador 40','Brasil','1997-10-03'),
('91000000095','Jogador 95','Brasil','1998-05-25'),




-- Jogadores 41–50 (Central)
('91000000041','Jogador 41','Brasil','1998-01-05'),
('91000000042','Jogador 42','Brasil','1997-02-10'),
('91000000043','Jogador 43','Brasil','1996-03-15'),
('91000000044','Jogador 44','Brasil','1999-04-20'),
('91000000045','Jogador 45','Brasil','1998-05-25'),
('91000000046','Jogador 46','Brasil','1997-06-12'),
('91000000047','Jogador 47','Brasil','1996-07-22'),
('91000000048','Jogador 48','Brasil','1995-08-04'),
('91000000049','Jogador 49','Brasil','1998-09-18'),
('91000000050','Jogador 50','Brasil','1997-10-03'),




-- Jogadores 51–60 (Bahia)
('91100000001','Jogador Bahia 1','Brasil','1997-01-05'),
('91100000002','Jogador Bahia 2','Brasil','1996-02-10'),
('91100000003','Jogador Bahia 3','Brasil','1995-03-15'),
('91100000004','Jogador Bahia 4','Brasil','1998-04-22'),
('91100000005','Jogador Bahia 5','Brasil','1997-05-11'),
('91100000006','Jogador Bahia 6','Brasil','1996-06-18'),
('91100000007','Jogador Bahia 7','Brasil','1995-07-25'),
('91100000008','Jogador Bahia 8','Brasil','1998-08-30'),
('91100000009','Jogador Bahia 9','Brasil','1997-09-12'),
('91100000010','Jogador Bahia 10','Brasil','1996-10-28'),
('91100000092','Jogador Bahia 92','Brasil','1996-10-28'),




-- Jogadores 61–70 (Ceará)
('91100000011','Jogador Ceará 1','Brasil','1998-01-14'),
('91100000012','Jogador Ceará 2','Brasil','1997-02-19'),
('91100000013','Jogador Ceará 3','Brasil','1996-03-08'),
('91100000014','Jogador Ceará 4','Brasil','1995-04-17'),
('91100000015','Jogador Ceará 5','Brasil','1997-05-23'),
('91100000016','Jogador Ceará 6','Brasil','1996-06-09'),
('91100000017','Jogador Ceará 7','Brasil','1995-07-01'),
('91100000018','Jogador Ceará 8','Brasil','1998-08-27'),
('91100000019','Jogador Ceará 9','Brasil','1997-09-03'),
('91100000020','Jogador Ceará 10','Brasil','1996-10-16'),




-- Jogadores 71–80 (Fortaleza)
('91100000021','Jogador Fortaleza 1','Brasil','1998-01-20'),
('91100000022','Jogador Fortaleza 2','Brasil','1997-02-12'),
('91100000023','Jogador Fortaleza 3','Brasil','1996-03-29'),
('91100000024','Jogador Fortaleza 4','Brasil','1995-04-04'),
('91100000025','Jogador Fortaleza 5','Brasil','1997-05-30'),
('91100000026','Jogador Fortaleza 6','Brasil','1996-06-07'),
('91100000027','Jogador Fortaleza 7','Brasil','1995-07-19'),
('91100000028','Jogador Fortaleza 8','Brasil','1998-08-06'),
('91100000029','Jogador Fortaleza 9','Brasil','1997-09-25'),
('91100000030','Jogador Fortaleza 10','Brasil','1996-10-14'),




-- Técnicos (8)
('92000000001','Técnico Sport','Brasil','1975-01-01'),
('92000000002','Técnico Náutico','Brasil','1975-02-01'),
('92000000003','Técnico Santa Cruz','Brasil','1975-03-01'),
('92000000004','Técnico Retrô','Brasil','1975-04-01'),
('92000000005','Técnico Central','Brasil','1975-05-01'),
('92000000006','Técnico Bahia','Brasil','1975-06-01'),
('92000000007','Técnico Ceará','Brasil','1975-07-01'),
('92000000008','Técnico Fortaleza','Brasil','1975-08-01'),




-- Juízes (5)
('93000000001','Juiz 1','Brasil','1970-01-01'),
('93000000002','Juiz 2','Brasil','1970-01-02'),
('93000000003','Juiz 3','Brasil','1970-01-03'),
('93000000004','Juiz 4','Brasil','1970-01-04'),
('93000000005','Juiz 5','Brasil','1970-01-05');




------------------------------------------------------------
-- 2. PATROCINADOS (1–88)
-- 1–8 clubes, 9–88 jogadores
------------------------------------------------------------
INSERT INTO Patrocinados (id_patrocinado) VALUES
(1),(2),(3),(4),(5),(6),(7),(8),
(9),(10),(11),(12),(13),(14),(15),(16),(17),(18),
(19),(20),(21),(22),(23),(24),(25),(26),(27),(28),
(29),(30),(31),(32),(33),(34),(35),(36),(37),(38),
(39),(40),(41),(42),(43),(44),(45),(46),(47),(48),
(49),(50),(51),(52),(53),(54),(55),(56),(57),(58),
(59),(60),(61),(62),(63),(64),(65),(66),(67),(68),
(69),(70),(71),(72),(73),(74),(75),(76),(77),(78),
(79),(80),(81),(82),(83),(84),(85),(86),(87),(88),
(89),(90),(91),(92);




------------------------------------------------------------
-- 3. POSSIVEIS_CARTOES (1–88)
-- 50 jogadores + 8 técnicos + 30 jogadores extras
------------------------------------------------------------
INSERT INTO Possiveis_Cartoes (id_possiveis_cartoes) VALUES
(1),(2),(3),(4),(5),(6),(7),(8),
(9),(10),(11),(12),(13),(14),(15),(16),(17),(18),
(19),(20),(21),(22),(23),(24),(25),(26),(27),(28),
(29),(30),(31),(32),(33),(34),(35),(36),(37),(38),
(39),(40),(41),(42),(43),(44),(45),(46),(47),(48),
(49),(50),(51),(52),(53),(54),(55),(56),(57),(58),
(59),(60),(61),(62),(63),(64),(65),(66),(67),(68),
(69),(70),(71),(72),(73),(74),(75),(76),(77),(78),
(79),(80),(81),(82),(83),(84),(85),(86),(87),(88),
(89),(90),(91),(92);




------------------------------------------------------------
-- 4. CLUBES (5 de PE + 3 de fora)
------------------------------------------------------------
INSERT INTO Clube (id_clube, id_patrocinado, nome, data_fundacao, cidade) VALUES
(1, 1, 'Sport Club do Recife',          '1905-05-13', 'Recife-PE'),
(2, 2, 'Clube Náutico Capibaribe',      '1901-04-07', 'Recife-PE'),
(3, 3, 'Santa Cruz Futebol Clube',      '1914-02-03', 'Recife-PE'),
(4, 4, 'Retrô Futebol Clube Brasil',    '2016-04-18', 'Camaragibe-PE'),
(5, 5, 'Central Sport Club',            '1919-06-15', 'Caruaru-PE'),
(6, 6, 'Esporte Clube Bahia',           '1931-01-01', 'Salvador-BA'),
(7, 7, 'Ceará Sporting Club',           '1914-06-02', 'Fortaleza-CE'),
(8, 8, 'Fortaleza Esporte Clube',       '1918-10-18', 'Fortaleza-CE');




------------------------------------------------------------
-- 5. JOGADORES
-- cpf, id_possiveis_cartoes, id_patrocinado,
-- atacante, meio_campo, defensor, gols, assistencias, desarmes
------------------------------------------------------------




-- Grupo 1 – Sport (1–10) → patrocinados 9–18, cartões 1–10
INSERT INTO Jogador VALUES
('91000000001',  1,  9, TRUE,  FALSE, FALSE, 9,  NULL, NULL),
('91000000002',  2, 10, TRUE,  FALSE, FALSE, 7,  NULL, NULL),
('91000000003',  3, 11, FALSE, TRUE,  FALSE, NULL, 6,   NULL),
('91000000004',  4, 12, FALSE, TRUE,  FALSE, NULL, 4,   NULL),
('91000000005',  5, 13, FALSE, FALSE, TRUE, NULL, NULL, 17),
('91000000006',  6, 14, FALSE, FALSE, TRUE, NULL, NULL, 13),
('91000000007',  7, 15, TRUE,  TRUE,  FALSE, 6, 3, NULL),
('91000000008',  8, 16, TRUE,  TRUE,  FALSE, 4, 5, NULL),
('91000000009',  9, 17, FALSE, TRUE,  TRUE, NULL, 4, 12),
('91000000010', 10, 18, FALSE, TRUE,  TRUE, NULL, 3, 14),
('91000000090', 89, 89, FALSE, TRUE,  TRUE, NULL, 3, 14);




-- Grupo 2 – Náutico (11–20) → patrocinados 19–28, cartões 11–20
INSERT INTO Jogador VALUES
('91000000011',11,19, TRUE, FALSE, FALSE, 8, NULL, NULL),
('91000000012',12,20, TRUE, FALSE, FALSE, 5, NULL, NULL),
('91000000013',13,21, FALSE, TRUE, FALSE, NULL, 7, NULL),
('91000000014',14,22, FALSE, TRUE, FALSE, NULL, 5, NULL),
('91000000015',15,23, FALSE, FALSE, TRUE, NULL, NULL, 16),
('91000000016',16,24, FALSE, FALSE, TRUE, NULL, NULL, 11),
('91000000017',17,25, TRUE, TRUE, FALSE, 6, 4, NULL),
('91000000018',18,26, TRUE, TRUE, FALSE, 3, 6, NULL),
('91000000019',19,27, FALSE, TRUE, TRUE, NULL, 4, 13),
('91000000020',20,28, FALSE, TRUE, TRUE, NULL, 5, 11),
('91000000091',91,91, FALSE, TRUE, TRUE, NULL, 5, 11);




-- Grupo 3 – Santa Cruz (21–30) → patrocinados 29–38, cartões 21–30
INSERT INTO Jogador VALUES
('91000000021',21,29, TRUE, FALSE, FALSE, 10, NULL, NULL),
('91000000022',22,30, TRUE, FALSE, FALSE, 6,  NULL, NULL),
('91000000023',23,31, FALSE, TRUE, FALSE, NULL, 8, NULL),
('91000000024',24,32, FALSE, TRUE, FALSE, NULL, 3, NULL),
('91000000025',25,33, FALSE, FALSE, TRUE, NULL, NULL, 18),
('91000000026',26,34, FALSE, FALSE, TRUE, NULL, NULL, 14),
('91000000027',27,35, TRUE, TRUE, FALSE, 7, 4, NULL),
('91000000028',28,36, TRUE, TRUE, FALSE, 5, 3, NULL),
('91000000029',29,37, FALSE, TRUE, TRUE, NULL, 6, 11),
('91000000030',30,38, FALSE, TRUE, TRUE, NULL, 4, 15);




-- Grupo 4 – Retrô (31–40) → patrocinados 39–48, cartões 31–40
INSERT INTO Jogador VALUES
('91000000031',31,39, TRUE, FALSE, FALSE, 7,  NULL, NULL),
('91000000032',32,40, TRUE, FALSE, FALSE, 4,  NULL, NULL),
('91000000033',33,41, FALSE, TRUE, FALSE, NULL, 5, NULL),
('91000000034',34,42, FALSE, TRUE, FALSE, NULL, 3, NULL),
('91000000035',35,43, FALSE, FALSE, TRUE, NULL, NULL, 12),
('91000000036',36,44, FALSE, FALSE, TRUE, NULL, NULL, 10),
('91000000037',37,45, TRUE, TRUE, FALSE, 6, 2, NULL),
('91000000038',38,46, TRUE, TRUE, FALSE, 5, 4, NULL),
('91000000039',39,47, FALSE, TRUE, TRUE, NULL, 5, 13),
('91000000040',40,48, FALSE, TRUE, TRUE, NULL, 6, 10),
('91000000095',90,90, FALSE, TRUE, TRUE, NULL, 6, 10);




-- Grupo 5 – Central (41–50) → patrocinados 49–58, cartões 41–50
INSERT INTO Jogador VALUES
('91000000041',41,49, TRUE, FALSE, FALSE, 9, NULL, NULL),
('91000000042',42,50, TRUE, FALSE, FALSE, 6, NULL, NULL),
('91000000043',43,51, FALSE, TRUE, FALSE, NULL, 7, NULL),
('91000000044',44,52, FALSE, TRUE, FALSE, NULL, 6, NULL),
('91000000045',45,53, FALSE, FALSE, TRUE, NULL, NULL, 14),
('91000000046',46,54, FALSE, FALSE, TRUE, NULL, NULL, 12),
('91000000047',47,55, TRUE, TRUE, FALSE, 5, 3, NULL),
('91000000048',48,56, TRUE, TRUE, FALSE, 4, 4, NULL),
('91000000049',49,57, FALSE, TRUE, TRUE, NULL, 4, 16),
('91000000050',50,58, FALSE, TRUE, TRUE, NULL, 5, 11);




-- Grupo 6 – Bahia (51–60) → patrocinados 59–68, cartões 59–68
INSERT INTO Jogador VALUES
('91100000001',59,59, TRUE, FALSE, FALSE, 8,  NULL, NULL),
('91100000002',60,60, TRUE, FALSE, FALSE, 6,  NULL, NULL),
('91100000003',61,61, FALSE, TRUE, FALSE, NULL, 7, NULL),
('91100000004',62,62, FALSE, TRUE, FALSE, NULL, 5, NULL),
('91100000005',63,63, FALSE, FALSE, TRUE, NULL, NULL, 13),
('91100000006',64,64, FALSE, FALSE, TRUE, NULL, NULL, 11),
('91100000007',65,65, TRUE, TRUE, FALSE, 5, 3, NULL),
('91100000008',66,66, TRUE, TRUE, FALSE, 4, 4, NULL),
('91100000009',67,67, FALSE, TRUE, TRUE, NULL, 4, 10),
('91100000010',68,68, FALSE, TRUE, TRUE, NULL, 5, 9),
('91100000092',92,92, FALSE, TRUE, TRUE, NULL, 5, 9);




-- Grupo 7 – Ceará (61–70) → patrocinados 69–78, cartões 69–78
INSERT INTO Jogador VALUES
('91100000011',69,69, TRUE, FALSE, FALSE, 9,  NULL, NULL),
('91100000012',70,70, TRUE, FALSE, FALSE, 7,  NULL, NULL),
('91100000013',71,71, FALSE, TRUE, FALSE, NULL, 8, NULL),
('91100000014',72,72, FALSE, TRUE, FALSE, NULL, 6, NULL),
('91100000015',73,73, FALSE, FALSE, TRUE, NULL, NULL, 14),
('91100000016',74,74, FALSE, FALSE, TRUE, NULL, NULL, 12),
('91100000017',75,75, TRUE, TRUE, FALSE, 6, 3, NULL),
('91100000018',76,76, TRUE, TRUE, FALSE, 5, 4, NULL),
('91100000019',77,77, FALSE, TRUE, TRUE, NULL, 5, 11),
('91100000020',78,78, FALSE, TRUE, TRUE, NULL, 4, 10);




-- Grupo 8 – Fortaleza (71–80) → patrocinados 79–88, cartões 79–88
INSERT INTO Jogador VALUES
('91100000021',79,79, TRUE, FALSE, FALSE, 10, NULL, NULL),
('91100000022',80,80, TRUE, FALSE, FALSE, 7,  NULL, NULL),
('91100000023',81,81, FALSE, TRUE, FALSE, NULL, 8, NULL),
('91100000024',82,82, FALSE, TRUE, FALSE, NULL, 6, NULL),
('91100000025',83,83, FALSE, FALSE, TRUE, NULL, NULL, 15),
('91100000026',84,84, FALSE, FALSE, TRUE, NULL, NULL, 12),
('91100000027',85,85, TRUE, TRUE, FALSE, 7, 3, NULL),
('91100000028',86,86, TRUE, TRUE, FALSE, 6, 5, NULL),
('91100000029',87,87, FALSE, TRUE, TRUE, NULL, 5, 12),
('91100000030',88,88, FALSE, TRUE, TRUE, NULL, 4, 11);




------------------------------------------------------------
-- 6. TÉCNICOS (8) – id_possiveis_cartoes 51–58
------------------------------------------------------------
INSERT INTO Tecnico (cpf, id_possiveis_cartoes, id_clube, licenca) VALUES
('92000000001', 51, 1, 'Licença PRO'),
('92000000002', 52, 2, 'Licença PRO'),
('92000000003', 53, 3, 'Licença PRO'),
('92000000004', 54, 4, 'Licença PRO'),
('92000000005', 55, 5, 'Licença PRO'),
('92000000006', 56, 6, 'Licença PRO'),
('92000000007', 57, 7, 'Licença PRO'),
('92000000008', 58, 8, 'Licença PRO');




------------------------------------------------------------
-- 7. JUÍZES (5)
------------------------------------------------------------
INSERT INTO Juiz (cpf, registro_federacao) VALUES
('93000000001', 'CBF-2024-01'),
('93000000002', 'CBF-2024-02'),
('93000000003', 'CBF-2024-03'),
('93000000004', 'CBF-2024-04'),
('93000000005', 'CBF-2024-05');




------------------------------------------------------------
-- 8. PATROCINADORES
------------------------------------------------------------
INSERT INTO Patrocinador (id_patrocinador, nome_patrocinador) VALUES
(1, 'PixBet'),
(2, 'BetNacional'),
(3, 'Caixa'),
(4, 'NeoEnergia'),
(5, 'Brahma');




------------------------------------------------------------    
-- 9. CONTRATOS (1–100)
------------------------------------------------------------
INSERT INTO Contrato (id_contrato, data_inicio, data_fim) VALUES
(1,'2024-01-01','2026-01-01'),
(2,'2024-02-01','2026-02-01'),
(3,'2024-03-01','2026-03-01'),
(4,'2024-04-01','2026-04-01'),
(5,'2024-05-01','2026-05-01'),
(6,'2024-01-15','2027-01-15'),
(7,'2024-02-15','2027-02-15'),
(8,'2024-03-15','2027-03-15'),
(9,'2024-04-15','2027-04-15'),
(10,'2024-05-15','2027-05-15'),
(101,'2024-06-15','2025-06-15'),




(11,'2024-06-01','2026-06-01'),
(12,'2024-07-01','2026-07-01'),
(13,'2024-08-01','2026-08-01'),
(14,'2024-09-01','2026-09-01'),
(15,'2024-10-01','2026-10-01'),
(16,'2024-11-01','2026-11-01'),
(17,'2024-12-01','2026-12-01'),
(18,'2024-06-15','2027-06-15'),
(19,'2024-07-15','2027-07-15'),
(20,'2024-08-15','2027-08-15'),
(102,'2024-09-15','2025-09-15'),




(21,'2024-01-01','2026-01-01'),
(22,'2024-01-02','2026-01-02'),
(23,'2024-01-03','2026-01-03'),
(24,'2024-01-04','2026-01-04'),
(25,'2024-01-05','2026-01-05'),
(26,'2024-01-06','2026-01-06'),
(27,'2024-01-07','2026-01-07'),
(28,'2024-01-08','2026-01-08'),
(29,'2024-01-09','2026-01-09'),
(30,'2024-01-10','2026-01-10'),




(31,'2024-01-11','2026-01-11'),
(32,'2024-01-12','2026-01-12'),
(33,'2024-01-13','2026-01-13'),
(34,'2024-01-14','2026-01-14'),
(35,'2024-01-15','2026-01-15'),
(36,'2024-01-16','2026-01-16'),
(37,'2024-01-17','2026-01-17'),
(38,'2024-01-18','2026-01-18'),
(39,'2024-01-19','2026-01-19'),
(40,'2024-01-20','2026-01-20'),
(103,'2024-01-21','2026-01-21'),




(41,'2024-02-01','2026-02-01'),
(42,'2024-02-02','2026-02-02'),
(43,'2024-02-03','2026-02-03'),
(44,'2024-02-04','2026-02-04'),
(45,'2024-02-05','2026-02-05'),
(46,'2024-02-06','2026-02-06'),
(47,'2024-02-07','2026-02-07'),
(48,'2024-02-08','2026-02-08'),
(49,'2024-02-09','2026-02-09'),
(50,'2024-02-10','2026-02-10'),




(51,'2024-03-01','2026-03-01'),
(52,'2024-03-02','2026-03-02'),
(53,'2024-03-03','2026-03-03'),
(54,'2024-03-04','2026-03-04'),
(55,'2024-03-05','2026-03-05'),
(56,'2024-03-06','2026-03-06'),
(57,'2024-03-07','2026-03-07'),
(58,'2024-03-08','2026-03-08'),
(59,'2024-03-09','2026-03-09'),
(60,'2024-03-10','2026-03-10'),
(104,'2024-03-11','2025-03-11'),




(61,'2024-03-11','2026-03-11'),
(62,'2024-03-12','2026-03-12'),
(63,'2024-03-13','2026-03-13'),
(64,'2024-03-14','2026-03-14'),
(65,'2024-03-15','2026-03-15'),
(66,'2024-03-16','2026-03-16'),
(67,'2024-03-17','2026-03-17'),
(68,'2024-03-18','2026-03-18'),
(69,'2024-03-19','2026-03-19'),
(70,'2024-03-20','2026-03-20'),




(71,'2024-04-01','2026-04-01'),
(72,'2024-04-02','2026-04-02'),
(73,'2024-04-03','2026-04-03'),
(74,'2024-04-04','2026-04-04'),
(75,'2024-04-05','2026-04-05'),
(76,'2024-04-06','2026-04-06'),
(77,'2024-04-07','2026-04-07'),
(78,'2024-04-08','2026-04-08'),
(79,'2024-04-09','2026-04-09'),
(80,'2024-04-10','2026-04-10'),




(81,'2024-05-01','2026-05-01'),
(82,'2024-05-02','2025-05-02'),
(83,'2024-05-03','2026-05-03'),
(84,'2024-05-04','2026-05-04'),
(85,'2024-05-05','2025-05-05'),
(86,'2024-05-06','2026-05-06'),
(87,'2024-05-07','2026-05-07'),
(88,'2024-05-08','2025-05-08'),
(89,'2024-05-09','2026-05-09'),
(90,'2024-05-10','2026-05-10'),
(91,'2024-05-11','2026-05-11'),
(92,'2024-05-12','2025-05-12'),
(93,'2024-05-13','2026-05-13'),
(94,'2024-05-14','2024-05-14'),
(95,'2024-05-15','2026-05-15'),
(96,'2024-05-16','2025-05-16'),
(97,'2024-05-17','2026-05-17'),
(98,'2024-05-18','2026-05-18'),
(99,'2024-05-19','2025-05-19'),
(100,'2024-05-20','2025-05-20');








------------------------------------------------------------
-- 9. CONTRATO_JOGADOR – 80 jogadores
------------------------------------------------------------
INSERT INTO Contrato_Jogador (id_contrato, cpf_jogador, id_clube, salario) VALUES
-- SPORT (1–10)
(1,'91000000001',1,55000),
(2,'91000000002',1,52000),
(3,'91000000003',1,51000),
(4,'91000000004',1,50000),
(5,'91000000005',1,49000),
(6,'91000000006',1,48000),
(7,'91000000007',1,53000),
(8,'91000000008',1,50000),
(9,'91000000009',1,47000),
(10,'91000000010',1,46000),
(101,'91000000090',1,46000),




-- NÁUTICO (11–20)
(11,'91000000011',2,53000),
(12,'91000000012',2,51000),
(13,'91000000013',2,49000),
(14,'91000000014',2,47000),
(15,'91000000015',2,52000),
(16,'91000000016',2,50000),
(17,'91000000017',2,54000),
(18,'91000000018',2,48000),
(19,'91000000019',2,47000),
(20,'91000000020',2,46000),
(102,'91000000091',2,46000),




-- SANTA CRUZ (21–30)
(21,'91000000021',3,54000),
(22,'91000000022',3,50000),
(23,'91000000023',3,52000),
(24,'91000000024',3,48000),
(25,'91000000025',3,51000),
(26,'91000000026',3,49500),
(27,'91000000027',3,53000),
(28,'91000000028',3,50000),
(29,'91000000029',3,47000),
(30,'91000000030',3,46000),




-- RETRÔ (31–40)
(31,'91000000031',4,49000),
(32,'91000000032',4,47000),
(33,'91000000033',4,48000),
(34,'91000000034',4,46500),
(35,'91000000035',4,51000),
(36,'91000000036',4,49000),
(37,'91000000037',4,52000),
(38,'91000000038',4,50000),
(39,'91000000039',4,48000),
(40,'91000000040',4,47000),
(103,'91000000095',4,47000),




-- CENTRAL (41–50)
(41,'91000000041',5,48000),
(42,'91000000042',5,46000),
(43,'91000000043',5,47500),
(44,'91000000044',5,47000),
(45,'91000000045',5,49500),
(46,'91000000046',5,48000),
(47,'91000000047',5,52000),
(48,'91000000048',5,50000),
(49,'91000000049',5,47000),
(50,'91000000050',5,46000),




-- BAHIA (51–60)
(51,'91100000001',6,60000),
(52,'91100000002',6,58000),
(53,'91100000003',6,52000),
(54,'91100000004',6,51000),
(55,'91100000005',6,50000),
(56,'91100000006',6,48000),
(57,'91100000007',6,53000),
(58,'91100000008',6,52000),
(59,'91100000009',6,51000),
(60,'91100000010',6,50500),
(104,'91100000092',6,50000),




-- CEARÁ (61–70)
(61,'91100000011',7,62000),
(62,'91100000012',7,60000),
(63,'91100000013',7,54000),
(64,'91100000014',7,53000),
(65,'91100000015',7,52000),
(66,'91100000016',7,50000),
(67,'91100000017',7,59000),
(68,'91100000018',7,57000),
(69,'91100000019',7,55000),
(70,'91100000020',7,54000),




-- FORTALEZA (71–80)
(71,'91100000021',8,65000),
(72,'91100000022',8,63000),
(73,'91100000023',8,56000),
(74,'91100000024',8,55000),
(75,'91100000025',8,54000),
(76,'91100000026',8,52000),
(77,'91100000027',8,64000),
(78,'91100000028',8,62000),
(79,'91100000029',8,58000),
(80,'91100000030',8,56000);




------------------------------------------------------------
-- 10. CONTRATOS DE PATROCÍNIO (81–100)
------------------------------------------------------------
INSERT INTO Contrato_Patrocinio (id_contrato, id_patrocinado, id_patrocinador, valor) VALUES
(81, 1, 1, 1200000),
(82, 2, 2,  950000),
(83, 3, 3,  800000),
(84, 4, 4,  750000),
(85, 5, 5,  600000),
(86, 6, 1, 1300000),
(87, 7, 2, 1100000),
(88, 8, 3, 1050000),
-- Jogadores patrocinados (exemplos)
(89,  6, 1, 150000),
(90,  7, 2, 140000),
(91,  8, 3, 130000),
(92,  9, 4, 120000),
(93, 10, 5, 100000),
(94, 59, 1,  90000),
(95, 60, 2,  85000),
(96, 61, 3,  80000),
(97, 62, 4,  75000),
(98, 63, 5,  70000),
(99, 64, 1,  65000),
(100,65, 2, 60000);




------------------------------------------------------------
-- 11. CAMPEONATOS
------------------------------------------------------------
INSERT INTO Campeonato (id_campeonato, nome, temporada, regulamento) VALUES
    (1, 'Campeonato Pernambucano', '2024', 'Turno único com 5 clubes de Pernambuco.'),
    (2, 'Copa do Nordeste',        '2024', 'Turno único com 5 clubes (2 de PE e 3 de fora).');




------------------------------------------------------------
-- 12. PARTICIPA (5 clubes por campeonato)
------------------------------------------------------------
-- Pernambucano: Sport, Náutico, Santa, Retrô, Central
INSERT INTO Participa (id_clube, id_campeonato) VALUES
(1,1),(2,1),(3,1),(4,1),(5,1);




-- Copa do Nordeste: Sport, Náutico, Bahia, Ceará, Fortaleza
INSERT INTO Participa (id_clube, id_campeonato) VALUES
(1,2),(2,2),(6,2),(7,2),(8,2);




------------------------------------------------------------
-- 13. RODADAS (5 por campeonato)
------------------------------------------------------------
INSERT INTO Rodada (numero_rodada, id_campeonato) VALUES
    (1,1),(2,1),(3,1),(4,1),(5,1),
    (1,2),(2,2),(3,2),(4,2),(5,2);




------------------------------------------------------------
-- 14. ESTÁDIOS
------------------------------------------------------------
INSERT INTO Estadio (id_estadio, nome, cidade, capacidade) VALUES
    (1, 'Arena de Pernambuco', 'São Lourenço da Mata-PE', 46000),
    (2, 'Ilha do Retiro',      'Recife-PE',               32000),
    (3, 'Estádio dos Aflitos', 'Recife-PE',               19000),
    (4, 'Estádio do Arruda',   'Recife-PE',               60000),
    (5, 'Lacerdão',            'Caruaru-PE',              18000);




------------------------------------------------------------
-----------------------------------------------------------
-- 16. COPA DO NORDESTE (id_campeonato = 2)
INSERT INTO Partida VALUES
(1, 1, 1, 1, 2, '93000000001', 2, '2024-01-10','16:00', 2, 0);
INSERT INTO Gol VALUES (1,'91000000001',12);
INSERT INTO Gol VALUES (1,'91000000007',55);
INSERT INTO Cartao VALUES (1,11,'amarelo',30);




-- Partida 2: Santa Cruz 1 x 1 Retrô
INSERT INTO Partida VALUES
(2, 1, 1, 3, 4, '93000000002', 4, '2024-01-11','18:00', 1, 1);
INSERT INTO Gol VALUES (2,'91000000023',40);
INSERT INTO Gol VALUES (2,'91000000037',70);
INSERT INTO Cartao VALUES (2,23,'amarelo',55);




---------------- RODADA 2 ----------------
-- Partida 3: Central 0 x 3 Sport
INSERT INTO Partida VALUES
(3, 1, 2, 5, 1, '93000000003', 5, '2024-01-17','19:00', 0, 3);
INSERT INTO Gol VALUES (3,'91000000001',10);
INSERT INTO Gol VALUES (3,'91000000002',28);
INSERT INTO Gol VALUES (3,'91000000007',60);
INSERT INTO Cartao VALUES (3,35,'amarelo',22);




-- Partida 4: Náutico 2 x 2 Santa Cruz
INSERT INTO Partida VALUES
(4, 1, 2, 2, 3, '93000000004', 3, '2024-01-18','19:00', 2, 2);
INSERT INTO Gol VALUES (4,'91000000011',22);
INSERT INTO Gol VALUES (4,'91000000012',50);
INSERT INTO Gol VALUES (4,'91000000023',66);
INSERT INTO Gol VALUES (4,'91000000024',74);
INSERT INTO Cartao VALUES (4,14,'vermelho',80);




---------------- RODADA 3 ----------------
-- Partida 5: Retrô 0 x 1 Sport
INSERT INTO Partida VALUES
(5, 1, 3, 4, 1, '93000000005', 1, '2024-01-24','20:00', 0, 1);
INSERT INTO Gol VALUES (5,'91000000001',33);
INSERT INTO Cartao VALUES (5,44,'amarelo',55);




-- Partida 6: Central 1 x 1 Náutico
INSERT INTO Partida VALUES
(6, 1, 3, 5, 2, '93000000001', 5, '2024-01-25','18:00', 1, 1);
INSERT INTO Gol VALUES (6,'91000000035',60);
INSERT INTO Gol VALUES (6,'91000000012',10);
INSERT INTO Cartao VALUES (6,32,'amarelo',70);




---------------- RODADA 4 ----------------
-- Partida 7: Sport 3 x 1 Santa Cruz
INSERT INTO Partida VALUES
(7, 1, 4, 1, 3, '93000000003', 2, '2024-01-31','19:30', 3, 1);
INSERT INTO Gol VALUES (7,'91000000001',15);
INSERT INTO Gol VALUES (7,'91000000007',62);
INSERT INTO Gol VALUES (7,'91000000002',80);
INSERT INTO Gol VALUES (7,'91000000023',33);
INSERT INTO Cartao VALUES (7,23,'vermelho',88);




-- Partida 8: Retrô 2 x 0 Central
INSERT INTO Partida VALUES
(8, 1, 4, 4, 5, '93000000004', 1, '2024-02-01','20:00', 2, 0);
INSERT INTO Gol VALUES (8,'91000000037',20);
INSERT INTO Gol VALUES (8,'91000000038',66);
INSERT INTO Cartao VALUES (8,39,'amarelo',45);




---------------- RODADA 5 ----------------
-- Partida 9: Náutico 1 x 1 Retrô
INSERT INTO Partida VALUES
(9, 1, 5, 2, 4, '93000000005', 3, '2024-02-07','18:00', 1, 1);
INSERT INTO Gol VALUES (9,'91000000012',22);
INSERT INTO Gol VALUES (9,'91000000037',55);
INSERT INTO Cartao VALUES (9,18,'amarelo',77);




-- Partida 10: Santa Cruz 2 x 2 Central
INSERT INTO Partida VALUES
(10, 1, 5, 3, 5, '93000000002', 4, '2024-02-10','16:00', 2, 2);
INSERT INTO Gol VALUES (10,'91000000023',18);
INSERT INTO Gol VALUES (10,'91000000027',59);
INSERT INTO Gol VALUES (10,'91000000035',45);
INSERT INTO Gol VALUES (10,'91000000041',72);
INSERT INTO Cartao VALUES (10,29,'amarelo',63);




-----------------------------------------------------------
-- 16.2 COPA DO NORDESTE (id_campeonato = 2)
-- Times: 1(Sport),2(Náutico),6(Bahia),7(Ceará),8(Fortaleza)
------------------------------------------------------------




---------------- RODADA 1 ----------------
-- Partida 11: Sport 3 x 1 Náutico
INSERT INTO Partida VALUES
(11, 2, 1, 1, 2, '93000000001', 2, '2024-03-01','16:00', 3, 1);
INSERT INTO Gol VALUES (11,'91000000001',10);  -- Sport
INSERT INTO Gol VALUES (11,'91000000002',20);  -- Sport
INSERT INTO Gol VALUES (11,'91000000007',75);  -- Sport
INSERT INTO Gol VALUES (11,'91000000011',60);  -- Náutico
INSERT INTO Cartao VALUES (11,12,'amarelo',45);




-- Partida 12: Bahia 1 x 1 Ceará
INSERT INTO Partida VALUES
(12, 2, 1, 6, 7, '93000000002', 4, '2024-03-02','18:00', 1, 1);
INSERT INTO Gol VALUES (12,'91100000001',35);  -- Bahia
INSERT INTO Gol VALUES (12,'91100000011',70);  -- Ceará
INSERT INTO Cartao VALUES (12,47,'amarelo',22);




---------------- RODADA 2 ----------------
-- Partida 13: Fortaleza 0 x 2 Sport
INSERT INTO Partida VALUES
(13, 2, 2, 8, 1, '93000000003', 1, '2024-03-05','20:00', 0, 2);
INSERT INTO Gol VALUES (13,'91000000001',15);  -- Sport
INSERT INTO Gol VALUES (13,'91000000008',55);  -- Sport
INSERT INTO Cartao VALUES (13,48,'amarelo',33);




-- Partida 14: Náutico 1 x 0 Bahia
INSERT INTO Partida VALUES
(14, 2, 2, 2, 6, '93000000004', 3, '2024-03-06','18:00', 1, 0);
INSERT INTO Gol VALUES (14,'91000000012',12);   -- Náutico
INSERT INTO Cartao VALUES (14,16,'amarelo',77);




---------------- RODADA 3 ----------------
-- Partida 15: Sport 2 x 1 Ceará
INSERT INTO Partida VALUES
(15, 2, 3, 1, 7, '93000000005', 2, '2024-03-10','16:00', 2, 1);
INSERT INTO Gol VALUES (15,'91000000001',22);   -- Sport
INSERT INTO Gol VALUES (15,'91000000007',60);   -- Sport
INSERT INTO Gol VALUES (15,'91100000011',80);   -- Ceará
INSERT INTO Cartao VALUES (15,7,'amarelo',35);




-- Partida 16: Bahia 0 x 2 Fortaleza
INSERT INTO Partida VALUES
(16, 2, 3, 6, 8, '93000000003', 5, '2024-03-11','19:00', 0, 2);
INSERT INTO Gol VALUES (16,'91100000021',55);   -- Fortaleza
INSERT INTO Gol VALUES (16,'91100000022',77);   -- Fortaleza
INSERT INTO Cartao VALUES (16,50,'amarelo',20);




---------------- RODADA 4 ----------------
-- Partida 17: Ceará 1 x 3 Sport
INSERT INTO Partida VALUES
(17, 2, 4, 7, 1, '93000000004', 4, '2024-03-15','20:00', 1, 3);
INSERT INTO Gol VALUES (17,'91100000011',25);   -- Ceará
INSERT INTO Gol VALUES (17,'91000000001',12);   -- Sport
INSERT INTO Gol VALUES (17,'91000000002',40);   -- Sport
INSERT INTO Gol VALUES (17,'91000000007',88);   -- Sport
INSERT INTO Cartao VALUES (17,34,'amarelo',66);




-- Partida 18: Fortaleza 2 x 2 Náutico
INSERT INTO Partida VALUES
(18, 2, 4, 8, 2, '93000000001', 1, '2024-03-16','18:00', 2, 2);
INSERT INTO Gol VALUES (18,'91100000021',14);  -- Fortaleza
INSERT INTO Gol VALUES (18,'91100000022',60);  -- Fortaleza
INSERT INTO Gol VALUES (18,'91000000011',22);  -- Náutico
INSERT INTO Gol VALUES (18,'91000000012',50);  -- Náutico
INSERT INTO Cartao VALUES (18,18,'amarelo',77);




---------------- RODADA 5 ----------------
-- Partida 19: Sport 4 x 0 Bahia
INSERT INTO Partida VALUES
(19, 2, 5, 1, 6, '93000000002', 2, '2024-03-20','20:00', 4, 0);
INSERT INTO Gol VALUES (19,'91000000001',10);  -- Sport
INSERT INTO Gol VALUES (19,'91000000002',21);  -- Sport
INSERT INTO Gol VALUES (19,'91000000007',44);  -- Sport
INSERT INTO Gol VALUES (19,'91000000008',80);  -- Sport
INSERT INTO Cartao VALUES (19,41,'amarelo',32);




-- Partida 20: Náutico 2 x 1 Ceará
INSERT INTO Partida VALUES
(20, 2, 5, 2, 7, '93000000003', 3, '2024-03-21','18:00', 2, 1);
INSERT INTO Gol VALUES (20,'91000000011',10);    -- Náutico
INSERT INTO Gol VALUES (20,'91000000017',55);    -- Náutico
INSERT INTO Gol VALUES (20,'91100000011',61);    -- Ceará
INSERT INTO Cartao VALUES (20,25,'vermelho',90);



